Surname,Given Name,Middle Name,Chinese Name,Sex,Date of Birth,Current Nationality,Former Nationality,Place of Birth City,Place of Birth Province,Place of Birth Country,ID Number,Passport Type,Passport Number,Passport Issue Date,Passport Issue Place,Passport Expiry Date,Occupation,Employer Name,Employer Phone,Employer Address,Residential Address,Phone Number,Email,Emergency Contact Name,Emergency Contact Phone,Emergency Contact Relationship,Visa Type,Number of Entries,Intended Entry Date,Duration of Stay,Purpose of Visit,Places to Visit,Hotel Name,Hotel Address,Inviter Name,Inviter Phone,Inviter Address,Inviter Relationship,Previous China Visa,Previous China Visit Date,Previous Visa Number,Countries Visited 30 Days,Criminal Record,Health Conditions
Smith,John,Michael,,Male,5/15/1990,American,,New York,New York,USA,,Ordinary,AB1234567,3/1/2020,New York,3/1/2030,Company Employee,Tech Corp Inc,2125551234,123 Business St New York NY,456 Home Ave Apt 2B New York NY 10001,2125555678,john.smith@email.com,Jane Smith,2125559999,Wife,L - Tourist,Single,4/15/2026,30,Tourism and sightseeing,Beijing Shanghai Xi'an,Hilton Beijing,8 Wangfujing Street Beijing,,No,,No,No,,No,No
Johnson,Emily,Rose,,Female,8/22/1985,British,,London,England,UK,,Ordinary,CDE789012,6/15/2019,London,6/15/2029,Teacher/Professor,Oxford University,4420711234,University Road Oxford,10 Park Lane London W1K 7AA,4479111234,emily.johnson@email.com,Robert Johnson,4479121234,Husband,M - Business,Double,5/1/2026,60,Business meetings and trade fair,Shanghai Guangzhou,Park Hyatt Shanghai,100 Century Avenue Shanghai,Shanghai Trading Co,8621121234,88 Nanjing Road Shanghai,Business Partner,Yes,3/15/2023,CN987654,No,No,
Garcia,Carlos,Luis,,Male,12/3/1988,Spanish,,Madrid,Community of Madrid,Spain,,Ordinary,ES5678901,9/10/2021,Madrid,9/10/2031,Software Engineer,Digital Solutions Ltd,3491234567,Calle Principal 45 Madrid,Paseo del Prado 28 Madrid,3499876543,carlos.garcia@email.com,Maria Garcia,3491111111,Sister,L - Tourist,Single,6/20/2026,21,Tourism and sightseeing,Chengdu Guilin,Sheraton Chengdu,88 East Avenue Chengdu,,No,,No,No,,No,No
Chen,Lisa,Ann,,Female,2/14/1992,Canadian,,Toronto,Ontario,Canada,,Ordinary,FC1234567,12/5/2022,Toronto,12/5/2032,Marketing Manager,Global Media Inc,4165551234,100 Queen Street West Toronto,250 Bloor Street West Toronto M5S 1V8,4165559876,lisa.chen@email.com,David Chen,4165558888,Brother,M - Business,Single,7/10/2026,45,Business development,Shanghai Suzhou,Intercontinental Shanghai,500 Nanpan Road Shanghai,Global Media Asia,8621123456,888 Huaihai Road Shanghai,Business Partner,No,,No,Yes,Mild hypertension,
Mueller,Hans,Peter,,Male,7/8/1987,German,,Berlin,Berlin,Germany,,Ordinary,DE9876543,4/20/2021,Berlin,4/20/2031,Manufacturing Director,Siemens AG,493012345678,Wittelsbacherplatz 2 Munich,Prinzregentenstrasse 100 Munich,498901234567,hans.mueller@email.com,Greta Mueller,4989123456,Wife,F - Work,Multiple,8/1/2026,180,Work and business establishment,Beijing Shanghai,Kempinski Hotel Beijing,50 Liangmaqiao Road Beijing,Siemens China,8610-87788888,888 Century Avenue Shanghai,Employer,Yes,6/10/2022,CN456789,No,No,
Rossi,Antonio,Marco,,Male,11/25/1980,Italian,,Rome,Lazio,Italy,,Ordinary,IT1122334,7/15/2020,Rome,7/15/2030,Architect,Renzo Piano Associates,390612345678,Via Nazionale 50 Rome,Viale delle Terme 20 Rome,390612223344,antonio.rossi@email.com,Isabella Rossi,390612334455,Sister,L - Tourist,Single,5/5/2026,28,Tourism and sightseeing,Xi'an Hangzhou,InterContinental Hangzhou,2 Yuehu Road Hangzhou,,No,,No,No,,No,No
Kim,Min,Jae,,Male,3/19/1995,South Korean,,Seoul,Seoul,South Korea,,Ordinary,KR5566778,10/30/2022,Seoul,10/30/2032,Business Consultant,Asia Partners Co,82212345678,Business Center 11F Seoul,Gangnam District Seoul,82210987654,min.jae.kim@email.com,Lee Park,82213334444,Friend,M - Business,Double,6/15/2026,30,Business meetings,Shanghai Beijing,Pudong Shangri-La Shanghai,33 Century Avenue Shanghai,Asia Partners Shanghai,862158888888,999 Lujiazui Ring Road Shanghai,Business Associate,Yes,1/20/2024,CN234567,No,No,
Muller,Sophie,Marie,,Female,9/7/1991,French,,Paris,Île-de-France,France,,Ordinary,FR7788990,8/12/2021,Paris,8/12/2031,Fashion Designer,Atelier Couture Paris,33123456789,Avenue Montaigne 50 Paris,Rue de Rivoli 100 Paris,33612345678,sophie.muller@email.com,Jean Muller,33612223344,Husband,L - Tourist,Single,7/25/2026,21,Tourism and cultural events,Beijing Shanghai Suzhou,Mandarin Oriental Shanghai,558 Nanjing Road East Shanghai,,No,,No,No,,No,No
Thompson,James,William,,Male,4/2/1986,Australian,,Sydney,New South Wales,Australia,,Ordinary,AU1234567,5/18/2020,Sydney,5/18/2030,Petroleum Engineer,Shell Energy Australia,610287654321,201 Elizabeth Street Sydney,Level 12 Market Street Sydney NSW 2000,610287654321,james.thompson@email.com,Susan Thompson,610287654322,Wife,M - Business,Single,8/10/2026,60,Business meetings and industry conference,Shanghai Beijing,China World Summit Wing,1 Jianguomenwai Avenue Beijing,Shell Energy China,8610-85957000,8 Jianguomenwai Street Beijing,Employer,No,,No,No,,No
Santos,Maria,Lucia,,Female,6/30/1989,Brazilian,,Rio de Janeiro,Rio de Janeiro,Brazil,,Ordinary,BR9988776,11/5/2021,Rio de Janeiro,11/5/2031,Finance Analyst,Banco Santander Brazil,551121234567,Avenida Paulista 500 São Paulo,Rua das Flores 123 Rio de Janeiro RJ 20000,5521987654321,maria.santos@email.com,João Santos,5521888777666,Father,L - Tourist,Single,9/1/2026,42,Tourism and sightseeing,Guangzhou Shenzhen,Ritz Carlton Guangzhou,6 Linhe Road East Guangzhou,,No,,No,No,,No,No
Kovacs,Peter,Janos,,Male,10/12/1984,Hungarian,,Budapest,Budapest,Hungary,,Ordinary,HU5544332,2/28/2022,Budapest,2/28/2032,Civil Engineer,Budapest Construction Works,361234567890,Pesti Barnabas utca 50 Budapest,Andrassy ut 60 Budapest,361666888999,peter.kovacs@email.com,Anna Kovacs,361333444555,Sister,M - Business,Single,7/15/2026,30,Business consulting,Shanghai Wuhan,Marriott Shanghai,555 Nanjing Road East Shanghai,Budapest Construction China,862165888888,888 Century Avenue Shanghai,Business Partner,No,,No,No,,No
Bergstrom,Ingrid,Sven,,Female,1/23/1993,Swedish,,Stockholm,Stockholm County,Sweden,,Ordinary,SE6677889,6/10/2021,Stockholm,6/10/2031,Environmental Scientist,Green Energy Solutions,461234567890,Karlavägen 100 Stockholm,Strandvägen 7 Stockholm,46712345678,ingrid.bergstrom@email.com,Erik Bergstrom,46712223344,Brother,L - Tourist,Single,8/20/2026,35,Tourism and environmental research,Guilin Yunnan,Shangri-La Guilin,555 Binjiang Road Guilin,,No,,No,Yes,No allergies,
Linden,Robert,Van,,Male,3/15/1987,Dutch,,Amsterdam,North Holland,Netherlands,,Ordinary,NL4433221,9/25/2020,Amsterdam,9/25/2030,Logistics Manager,Port Operations Amsterdam,31234567890,Westerdok 50 Amsterdam,Prinsengracht 600 Amsterdam,31687654321,robert.linden@email.com,Gerda Linden,31612223344,Wife,M - Business,Double,6/1/2026,45,Business meetings and logistics,Shanghai Port,Peninsula Shanghai,32 Zhongshan Road East Shanghai,Port Operations China,8621-61883388,998 Century Avenue Shanghai,Business Associate,Yes,4/5/2023,CN567890,No,No,
Okoro,Chioma,Eze,,Female,7/8/1990,Nigerian,,Lagos,Lagos,Nigeria,,Ordinary,NG1234567,4/15/2022,Lagos,4/15/2032,International Trader,Global Trade Solutions,2341234567890,VI Street Lagos,Plot 5 Banana Island Lagos,2347012345678,chioma.okoro@email.com,Adebayo Okoro,2348087654321,Brother,M - Business,Single,5/20/2026,30,Business and trade fair,Guangzhou Shanghai,Crowne Plaza Guangzhou,122 Liuhua Road Guangzhou,Global Trade Asia,862067883388,8888 Century Avenue Guangzhou,Business Partner,No,,No,No,,No
Nakamura,Yuki,Hiroshi,,Male,12/5/1991,Japanese,,Tokyo,Tokyo,Japan,,Ordinary,JP5566778,8/20/2021,Tokyo,8/20/2031,Automotive Engineer,Toyota Motorsports,81334567890,1 Toyota-cho Aichi,Minato Ward Tokyo 106-0041,81390123456,yuki.nakamura@email.com,Akiko Nakamura,81390098765,Sister,F - Work,Multiple,9/15/2026,365,Work assignment and technology transfer,Shanghai Guangzhou,Hilton Shanghai,250 Huashan Road Shanghai,Toyota China,8621-58888888,999 Lujiazui Road Shanghai,Employer,Yes,8/1/2023,CN789012,No,No,
Hoffman,Rebecca,Jane,,Female,5/11/1988,Canadian,,Vancouver,British Columbia,Canada,,Ordinary,CA7788990,3/5/2021,Vancouver,3/5/2031,Accountant,Deloitte Canada,16045551234,2 Bentall Centre Vancouver,1234 West Broadway Vancouver BC V6H 1G2,16045559876,rebecca.hoffman@email.com,Michael Hoffman,16045558899,Husband,M - Business,Single,7/8/2026,30,Business auditing and consultation,Shanghai Beijing,Renaissance Shanghai,999 Nanjing Road West Shanghai,Deloitte China,8621-58888888,A5 Jing'an District Shanghai,Business Partner,No,,No,No,,No
Moreno,Diego,Felipe,,Male,8/19/1986,Mexican,,Mexico City,Mexico City,Mexico,,Ordinary,MX8899001,6/1/2020,Mexico City,6/1/2030,Import Export Manager,Comercio Global Mexico,5255234567,Reforma Avenue 505 Mexico City,Polanco District Mexico City,5558887766,diego.moreno@email.com,Rosa Moreno,5558776655,Mother,M - Business,Single,8/5/2026,45,Business meetings and trade,Shanghai Guangzhou,Westin Shanghai,88 Henan Road Shanghai,Comercio Global China,8621-52888888,8888 Century Avenue Shanghai,Business Partner,Yes,2/10/2024,CN456123,No,No,
Leung,Wing,Shan,,Male,2/28/1992,Hong Kong,,Hong Kong,Hong Kong,Hong Kong,,Ordinary,HK1234567,10/12/2021,Hong Kong,10/12/2031,Financial Analyst,ICBC Asia,85234567890,1 Des Voeux Road Central Hong Kong,Repulse Bay Hong Kong,85290123456,wing.leung@email.com,Lily Leung,85290098765,Sister,M - Business,Double,5/25/2026,60,Business consulting and finance,Shanghai Beijing Shenzhen,Mandarin Oriental Beijing,1 Wangfujing Avenue Beijing,ICBC Beijing,8610-66905555,8 Xuanwumenxi Street Beijing,Business Associate,No,,No,No,,No
Petrov,Alexei,Sergei,,Male,11/1/1985,Russian,,Moscow,Moscow,Russia,,Ordinary,RU2233445,7/30/2020,Moscow,7/30/2030,Physics Researcher,Russian Academy of Sciences,74951234567,Leninsky Prospekt 14 Moscow,Pushkin Street 5 Moscow,74955555555,alexei.petrov@email.com,Natasha Petrov,74955556666,Wife,L - Tourist,Single,6/10/2026,30,Tourism and research visit,Beijing Shanghai,China World Hotel Beijing,1 Jianguomenwai Avenue Beijing,,No,,No,Yes,No significant conditions,
Wong,David,Paul,,Male,4/6/1989,Singaporean,,Singapore,Singapore,Singapore,,Ordinary,SG4455667,1/15/2022,Singapore,1/15/2032,Supply Chain Director,Logistics International,6567654321,Shenton Way Singapore,Marina Bay Singapore 018951,6581234567,david.wong@email.com,Catherine Wong,6589876543,Sister,M - Business,Multiple,7/1/2026,90,Business operations and supply chain,Shanghai Suzhou Wuhan,Pudong Shangri-La Shanghai,33 Century Avenue Shanghai,Logistics International Shanghai,862158888888,999 Lujiazui Road Shanghai,Business Partner,Yes,5/20/2023,CN789456,No,No,